title,text,upvotes,subreddit,url,sentiment
Tired of executive dysfunction taking over my life,"My executive dysfunction is really ruining my life. I feel like I can‚Äôt convince my brain to do anything, especially things that I enjoy doing (like art, writing, even playing video games). If it‚Äôs something I need to do, I still procrastinate and often end up screwing myself over (like waiting too long to refill my medication even though I know I need to). I take quick release Adderall but I‚Äôm not consistent with it, and when it wears off after a work day, I crash. I‚Äôm just barely going through the motions, and then I rot away to sleep or scroll on my phone for hours. 

It‚Äôs especially upsetting when it impacts my art. I‚Äôve been an artist for years, but for the last year or two, my executive dysfunction has really kept me from starting or finishing any art projects. It‚Äôs to the point that I feel like I‚Äôve regressed in my skills because I just can‚Äôt get myself to make anything. When I do suddenly get the motivation, I‚Äôm so discouraged when I can‚Äôt make something like I used to easily d",25,ADHDwomen,https://reddit.com/r/adhdwomen/comments/1p7uszk/tired_of_executive_dysfunction_taking_over_my_life/,Fed Up
My current psychiatrist doesn‚Äôt think I have ADHD.,"I am 30, in Aug 2024 I started school again after dropping out a decade ago and seeing a new therapist for trauma. 

I was attempting working full time and school full time. I had a very hard time, I was just barely passing classes. Overall, STRUGGLING. Talking with my therapist for a few months, she began to suspect I might have ADHD. Symptoms I was describing that I was/am currently having, patterns from childhood leading up into adulthood, after a few months she was urging me to get assessed. My THEN psychiatrist wasn‚Äôt real keen on assessing me. She kept wanting to up my anxiety meds. So, I went to a psychologist who deals with ADHD to get assessed (02/2025) and depending on how you look at it‚Ä¶ I passed/failed(?) with flying colors. I have ADHD. She had me do tests on the computer, in a book with a pencil, and interviewed a friend from childhood, my partner of 2.5 years, and my supervisor of 2 years at the time. An uneducated eye could probably tell I had whatever that assessment w",2,ADHDwomen,https://reddit.com/r/adhdwomen/comments/1m2j5x9/my_current_psychiatrist_doesnt_think_i_have_adhd/,Fed Up
i‚Äôm experiencing a friction between my physical life and my mental landscape,"i think i‚Äôve reached a strange kind of breaking point that‚Äôs not dramatic, just quietly unbearable. i keep saying i‚Äôm okay because technically i‚Äôm doing the right things: meeting with deans, sending the required emails, making mind maps, building structures so i don‚Äôt drown. on paper i look like someone regaining control. inside, it feels like my nervous system is glitching.

it‚Äôs like i‚Äôm split between two versions of myself: the one who knows exactly what should happen next, and the one who physically can‚Äôt move. i watch myself from the outside, trying to coax motion out of paralysis. i know that progress is supposed to come from small steps, but even ‚Äúsmall‚Äù feels enormous right now.

i missed my therapy appointment today because i wrote down the wrong time, and that one mistake felt like proof that i‚Äôm losing my grip. i tried to reason with myself‚Äîmistakes happen‚Äîbut it still hit like confirmation that i‚Äôm not functional.

the worst part is how much self-awareness i have while this",1,ADHDwomen,https://reddit.com/r/adhdwomen/comments/1opn4os/im_experiencing_a_friction_between_my_physical/,Fed Up
Do others experience emotional flatness on ADHD meds long term? What helped you?,"I‚Äôm wondering if anyone else has dealt with this and what (if anything) helped.

I‚Äôm diagnosed with¬†**ADHD (combined type)**¬†and¬†**Major Depressive Disorder**. I‚Äôve been in a much more stable place mentally since adding Rexulti to Effexor a few months ago ‚Äî so the depression itself feels better managed. I‚Äôm on¬†**50 mg Vyvanse in the morning**, with¬†**2√ó10 mg Adderall IR as needed**¬†later in the day. It‚Äôs working well in terms of focus and functionality, but... I feel¬†**flat**. Like I‚Äôm going through the motions and not fully¬†*in*¬†my life.

I used to get that stimulant ‚Äúlift‚Äù ‚Äî energy, motivation, even a little joy boost. That‚Äôs completely gone. I can work, clean, do all the things I need to, but it feels very mechanical. Not depressed. Just flat.

A few questions for those who‚Äôve been on meds long-term:

* Is this ‚Äúflatness‚Äù common after being on stimulants a while?
* Is it just the new normal? Can you still build a full and meaningful life with that feeling in the background?
* Did an",2,ADHDwomen,https://reddit.com/r/adhdwomen/comments/1mjhod6/do_others_experience_emotional_flatness_on_adhd/,Seeking Advice
Feeling very invalidated by Psych,"After many years of suspecting I have ADHD and looking at all the symptoms, I finally got an appointment with a psychiatrist. They asked me some questions, they listened to my story. I'm still very uncomfortable opening up to a new person and at the end they said they didn't feel like my symptoms were ADHD, but that they would medicate me to see if it helped with symptoms.

 They said because I didn't have problems in school, that I went to college, have a good career, and I got married and had a kid that that's not classic ADHD and that don't have the symptoms. Isn't this very old diagnostic criteria?

    I feel like I do have classic female symptoms, was a Gifted kid but poor to mediocre student. Always told I needed to apply myself that I was lazy that I procrastinated that I was daydreaming too much and apathetic when internally my mind was going on overtime. Just really good at masking. I have executive function problems, I have periods of hyerfixation. I have rejection fears. I ",4,ADHDwomen,https://reddit.com/r/adhdwomen/comments/1l2g32i/feeling_very_invalidated_by_psych/,Fed Up
I need advice,"I feel like I could‚Äôve added way more flairs but I could only choose one. Anywhoots‚Ä¶lately I‚Äôve been feeling like I‚Äôm not meeting the standards of what it is to be a woman. In that I mean clean and hygienic. I struggle to keep my room clean and organized, and I struggle to maintain routine hygiene and daily tasks. Times like this I feel as tho my mental illness is the reason I don‚Äôt feel like a functioning 34 year old. Which creates a never ending spiral into madness. I‚Äôm an empath, so because of that I can feel what everyone is thinking in my house or around me. My family thinks I‚Äôm just this lazy disgusting slob who cries all the time and can‚Äôt get their life together. Who fears change and can‚Äôt seem to get a grasp on life. And the outside world, I know it‚Äôs a rejection/social anxiety issue but I feel like people are judging me when they ask about my personal life because I‚Äôm again‚Ä¶not where I should be. Lately the thought of just not existing has been running around in my head. I‚Äôm ",1,ADHDwomen,https://reddit.com/r/adhdwomen/comments/1ib0xxh/i_need_advice/,Seeking Advice
Doctor wants to change meds,"Okay... so where to begin

I have been on vyvanse for a couple of years now, started at 30mg was taking 70mg.
I tried concerta but i hated the feeling on it
I am currently on leave from work for mental health reasons


It's affected my job severely, my executive function is going hard and i just cant make myself work, im just going through the motions, my anxiety had been off the charts and frozen, but my mood is stable and I've been able to clean my house, mostly.

Since going on leave my doctor lessened my meds to 30mg.
Now, i have noticed my house cleaning ability, focus etc is all waining, i can feel my emotional disregulation becoming more disregulated  and he's talking about taking me off stimulants 

Does anyone take non stimulant drugs? Now im worried about that and how its not gonna help me like stimulants? 



",2,ADHDwomen,https://reddit.com/r/adhdwomen/comments/1i8hdzd/doctor_wants_to_change_meds/,Seeking Advice
My experience as someone with both ASD and ASPD,"Having ASD, I‚Äôve always struggled with social awareness. Reading tone, body language and unspoken intentions doesn‚Äôt come naturally to me. But when I pick up that someone‚Äôs being hostile or trying to start something, I feel anger immediately. It‚Äôs not subtle. I don‚Äôt get confused about whether I‚Äôm angry, I just am. My emotions are straightforward and raw in that sense.

Where the ASPD comes in is that, outside of that, I don‚Äôt really feel much. I don‚Äôt experience emotions like love or attachment the way other people describe them. I don‚Äôt cry. I don‚Äôt feel empathy in a deep way, even when I logically know someone‚Äôs hurting. My emotional range is limited, irritation, satisfaction, boredom, maybe amusement. Anything beyond that feels abstract, more like an idea than a feeling.

I‚Äôm pretty self serving by nature. I don‚Äôt go out of my way to hurt people, but I tend to see others in terms of their usefulness or what they bring to my life. It‚Äôs not that I want to exploit people, it‚Äôs just ho",12,neurodiversity,https://reddit.com/r/neurodiversity/comments/1nz2p6u/my_experience_as_someone_with_both_asd_and_aspd/,Neutral
Embodied Intelligence,"Embodied Intelligence (noun)

1. The inherent cognitive, emotional, and sensory wisdom that arises from an individual‚Äôs lived, felt experience in their own body; a form of intelligence that is expressed through movement, perception, instinct, sensation, and relational presence rather than (or in addition to) traditional linguistic, verbal, or analytical reasoning.

2. A holistic intelligence system in which the brain, body, and environment operate as an integrated feedback loop‚Äîhonoring the role of somatic awareness, sensory processing, nervous system regulation, and primal expression as legitimate and valuable ways of knowing, processing, and responding to the world.

‚∏ª

Usage in context:

‚ÄúEmbodied intelligence is not a lesser form of cognition‚Äîit‚Äôs a different and equally valid system of processing. It is the genius of the neurodivergent child rocking in rhythm to self-soothe; the autistic adult who reads emotional energy through physical space; the person who knows what‚Äôs true not ",6,neurodiversity,https://reddit.com/r/neurodiversity/comments/1k1hfw4/embodied_intelligence/,Neutral
ADHD is destroying every party of my life and I'm drowning,"* part, not party. FFS ü´£

I've been dating a great woman for just over a year. We're on the edge of a breakup, as my symptoms are driving her around the bend. She just can't take it any more. She says my ADHD has become worse and feels ""loud."" I feel terrible, and I'm seeing a therapist, taking medication, setting alarms and reminders and calendars and everything I can think of, but I fear it's not enough.

I recently got in trouble at work for overlooking things I should have noticed, and it's not the first time this has happened. I'm chronically under-employed and making about 20 bucks an hour at 3 jobs (one full-time, 2 part time) in the highest cost-of-living area in the country. I'm in my 40s and still live with family in a leaky trailer because the rent they charge is something I can actually pay.

I'm struggling to go back to school and complete a degree. I've completed the community college credit requirements to transfer to a 4 year school, but I need to  transfer now. And I s",228,ADHD,https://reddit.com/r/ADHD/comments/1kmxs3h/adhd_is_destroying_every_party_of_my_life_and_im/,Fed Up
Stimming too much,"This is a difficult subject to discuss but I‚Äôm going to be honest about it despite embarrassment.

I‚Äôd only heard about stimming a few years ago. I know it is a feature of autism but varies quite a bit between individuals, and wondered if anyone has advice for what to do when stimming is problematic or disruptive as an adult. I‚Äôve been a constant stimmer all my life but I thought it was just ‚Äúbad habits.‚Äù One of many epiphanies after learning about autism...

Mainly it is rocking that I have the hardest time controlling. I rock a lot. Like‚Ä¶ a lot. As a kid, I would swing on swingsets or ride those rocking horse toys. Starting around four or five, I‚Äôd sneak out of bed after my mom went to sleep and rock in a chair when I had insomnia. If I didn‚Äôt have a chair or swing or other object to rock with, I‚Äôd just rock on my own or bang my head, or bounce my leg or foot if I needed to be discreet. 

My mom is also a ‚Äúrocker‚Äù and she said my aunt was that way as a kid too‚Ä¶ but I am more intense ",4,AutismInWomen,https://reddit.com/r/AutismInWomen/comments/1nte3mz/stimming_too_much/,Seeking Advice
Is this autistic burnout?,"Hi everyone, to start off, I hope I'm not intruding. I'm fairly certain I'm a trans woman, but I'm still questioning to an extent. With that being said, I've been seriously struggling with my executive functioning, and I'm not entirely sure what's going on.

I've known for quite some time that I'm autistic, and while I've considered before that I might be experiencing autistic burnout, I kept circling back around to ADHD being the cause of my difficulties. I don't really feel motivated to do much of anything, no matter how desperately I want to be. My special interests have felt dull and unappealing, which was absolutely not the case before this episode of what I think is autistic burnout. 

I can't quite explain it, but I'm pretty sure I have PDA, and without special interests in my life, anything I do just feels.... wrong and unnatural. It's felt like I'm grasping for straws, drifting from one thing to another in search of some semblance of familiarity and routine in a turbulent sea.",0,AutismInWomen,https://reddit.com/r/AutismInWomen/comments/1nd381c/is_this_autistic_burnout/,Seeking Advice
How do I stop regressing and put my mask back on?,"I have nothing wrong with being autistic, but since becoming physically ill and having to leave college and becoming agoraphobic and staying home all day every day my mask is gone. I used to be so mature and a well functioning adult, but now I feel like I act quite childish and I don‚Äôt mask at all even in public anymore. At home of course it‚Äôs not an issue but I feel like I can‚Äôt even do stuff for myself anymore and I can‚Äôt even imagine getting a job with the way I am. I crave to be that woman again, I want to be able to mask when I want again. I like being able to be myself but I feel like I‚Äôve lost all of my skills and I‚Äôm just going through the motions of life and not really living it. Has anyone else gone through this and what can I do to try to get back to my ‚Äúnormal.‚Äù I don‚Äôt want to go back to masking 24/7 but I do want to be able to function well with others and to be able to go back to school and get a job and eventually live on my own. Ik skill regression and emotional regres",12,AutismInWomen,https://reddit.com/r/AutismInWomen/comments/1khxdq0/how_do_i_stop_regressing_and_put_my_mask_back_on/,Seeking Advice
How Do You Stim? [FAQ],"
#
How does everybody else stim??
#

### Notes
- This list is broad, but not literally exhaustive; stims are idiosyncratic and not a diagnosis of autism on their own
- Many items cross categories (e.g., humming = auditory + vibration)  
- Distinguish regulation-oriented painstims from self-harm by **intent and function** (stimming for relief vs SH for injury)  
- Safety: avoid tissue damage, burns, or joint strain; prefer safer substitutes (chewelry over sleeves, putty over skin, weighted input over head banging)  
- Speak to your healthcare provider if you are unsure whether your stimming is injurious, or for support managing an injurious stim.

### Microstims (covert/subtle)
- Toe curling inside shoes; foot rocking in place  
- Tiny jaw shifts; tongue rolling; tooth tapping  
- Thumb-index rub in pocket; seam rubbing  
- Phone case edge tracing; coin/ring palming  
- Eye micro-saccade patterns; blink pacing  

### Motor (whole-body movement)
- Rocking (standing, seated, on heels)  
-",25,autism,https://reddit.com/r/autism/comments/1n10dwn/how_do_you_stim_faq/,Neutral
Is my mom being dismissive with my autism?,"I can't tell if it is my mom is dismissive or maybe I am reading too much in what she said. 

In short next week I have to talk to a head doctor to get them to sign some papers for insurance saying I basically can't work due to my disability, and this let's me get on my dad's insurance. 

Originally I was going to get deep into my situation, but then I got thinking. I'm not there for therapy, and I just need them to tell my dad's insurance I can't work, I have autism, and it isn't going away. So I decided to make a bullet point list on the off chance I forget things. And I will just hand that over to the doctor. 

I had my mom read through it and she said ""I think that is your perspective.""

To me this immediately said she doesn't believe it is true and it is in my head. Like it isn't base in reality. But maybe I'm over thinking it? 



This is the bullet point list

Note reddit messed up the format so that is why it looks odd


___________

1 CRITICAL SAFETY DEFICITS & DELAYED PROCESS",1,autism,https://reddit.com/r/autism/comments/1q6n574/is_my_mom_being_dismissive_with_my_autism/,Seeking Advice
My experience as someone with both ASD and ASPD,"Having ASD, I‚Äôve always struggled with social awareness. Reading tone, body language and unspoken intentions doesn‚Äôt come naturally to me. But when I pick up that someone‚Äôs being hostile or trying to start something, I feel anger immediately. It‚Äôs not subtle. I don‚Äôt get confused about whether I‚Äôm angry, I just am. My emotions are straightforward and raw in that sense.

Where the ASPD comes in is that, outside of that, I don‚Äôt really feel much. I don‚Äôt experience emotions like love or attachment the way other people describe them. I don‚Äôt cry. I don‚Äôt feel empathy in a deep way, even when I logically know someone‚Äôs hurting. My emotional range is limited, irritation, satisfaction, boredom, maybe amusement. Anything beyond that feels abstract, more like an idea than a feeling.

I‚Äôm pretty self serving by nature. I don‚Äôt go out of my way to hurt people, but I tend to see others in terms of their usefulness or what they bring to my life. It‚Äôs not that I want to exploit people, it‚Äôs just ho",9,autism,https://reddit.com/r/autism/comments/1nz20hn/my_experience_as_someone_with_both_asd_and_aspd/,Neutral
Can't tell whether masking or unmasking is worse.,"(25 M, living with parents until 30 September)

One brings meltdowns, other brings shutdowns. One brings extreme anxiety,irritation, panic over interruptions and uncertainty, wanting to die and lash out during conflict, pre-stroke type of a feeling and burning clawing in skin type of a feeling akin to a tug of war, other brings numbness, lack of interoception, lack of enotional awareness, gradual worsened executive function and ADHD issues, identity/inauthenticity complications, unexisting cause and effect, transient psychotic and delirious fits, intrusive thoughts, meaninglessness, sense of safety (ish), false sense of harmony (has saved my life probably several times though)

4 yrs ago i accepted that i am neurodivergent and generally started to unmask more, even though i actually didn't really even mask much prior to that point, only from mid-high school; the aspects being lowering irritability and control-freakery levels and having a false sense of harmony and thinking that other p",8,autism,https://reddit.com/r/autism/comments/1mfbvo2/cant_tell_whether_masking_or_unmasking_is_worse/,Fed Up
"Proud To Become An Autistic Salutatorian With No Accomodations, IEP, or 504 Plan At A Rigorous Private Middle School and High School and Without Neccessarily Having Aspergers.","Ever since I was a very young child I used to have a noticeable speech delay of me speaking seven words or less by age 4.5 or 5 years old and not responding much to questions. I then attended for seven to eight months as a kindergartner in special education where I improved at an accelerated pace and even graduated at the top of my kindergartner special ed class with my first honor roll ever. During that time I also had big trouble with eye contact and only rarely or occasionally made eye contact and I also paced a lot which I still pace a lot right now. I also liked to play with trains and looking at the repetitive motions of wheels and had some minor issues in coordination and also had sensory sensitives to textures like ones found in jeans and had trouble eating rougher or harder foods like meat and used to have eat foods that were blended and smushed first. I also had a hard time making any friends and often was more by myself unless the teacher was with me. 

Then in elementary sc",1,autism,https://reddit.com/r/autism/comments/1kulsxb/proud_to_become_an_autistic_salutatorian_with_no/,Inspirational
I feel like all my needs are getting neglected - also would love any advice on revision,"Hey, essentially my GCSEs (massive massive exams) are in 11 days ISH and I haven't managed to do any revision, not for lack of trying.
Frankly I've been trying for 6 weeks, like everyday trying my damnedest to get something done but nothing is working. I feel like a failure because I can't do this like other people seem to. I don't manage to revise but I manage to stress myself into meltdowns, headaches and nausea. 
I know I shouldn't compare myself to other people because I have audhd and function differently but it's difficult - everyone else views me as basically neuro typical? Because I achieve well at school, like A-A* in most things I've been completely left to my own devices.


Amazingly my elder sister is doing A levels in the exact same time period but I believe she's a level 2 autistic and I think I'm like level 1 so my mother is spending 24/7 with her in her room, not 24/7, it's getting better but most times she's in there or has to follow a schedule my sister has done that ",1,autism,https://reddit.com/r/autism/comments/1ka0fnl/i_feel_like_all_my_needs_are_getting_neglected/,Seeking Advice
Just received my(41m) official Autism diagnosis today and I'm feeling mixed,"This is the first time in my life that I am sitting down and truly discussing my feelings toward this matter with others who can at least relate. It is the first time that I feel comfortable enough to do so and I apologize if this ends up being extremely long as I've had alot on my mind for a very long time.

Over the past 4 years I strongly suspected I am Autistic and over the past year I knew with certainty even before the official diagnosis. I don't know how I truly feel at this moment. Part of me is relieved that I have a blueprint for who I am now, while another part of me feels like I am mourning for the faux life I lived which crashed and burned because I could no longer live it inauthentic to myself.

I was also diagnosed with PTSD and anxiety disorder which is resultant from the trauma of being placed on dozens of different anti-depressants over two decades with severe side effects which resulted in me trying to end my life more than a dozen times from age 16-36.

I was never ",7,autism,https://reddit.com/r/autism/comments/1in69vu/just_received_my41m_official_autism_diagnosis/,Neutral
Distractedness,"Hi there! I am posting here fir the first time to know from grown-ups on how was childhood for them? How did it improve? What helped?
I have a 4yo and he has a few delays and many other things that concern me so much that i keep looking for reassurance by reaching out to people and know that it will get better. I know that there are kids and people with more difficulties and no access to therapies while we are blessed to have access to all the therapy and services after we got the diagnosis when he was 3 last year. 
He has been in ABA from last six months and in speech from last eight months. He has made good strides in this duration but there are a few concerning things that keep coming again and again and are barriers in his learning. One of them is his distracted attention- he is too focused on looking around that he doesn‚Äôt focus on people and what they are saying even when that‚Äôs a coach right in front of his face and he will still look outside the window or another activity ignor",2,autism,https://reddit.com/r/autism/comments/1isy7mk/distractedness/,Seeking Advice
